scenario_id,fund_return_id,trial_number,return_a,return_b
e25b48e9-4356-4c4c-8b05-94132af9dac1,908d6fed-eac8-4cdf-86fd-03f23e7586c9,1,0.24947530654447267,1.0866376783287954
e25b48e9-4356-4c4c-8b05-94132af9dac1,ec878a43-945b-4fd7-bea9-e4d730a5ed63,2,0.24977406669209146,1.0308861909989062
e25b48e9-4356-4c4c-8b05-94132af9dac1,486d7ff8-8c7a-49cd-9d9c-95fe82acbec4,3,0.2498736038444157,1.0962478679637293
e25b48e9-4356-4c4c-8b05-94132af9dac1,758b90dd-1d62-4ab1-88c9-95410b24efda,4,0.2500727078769301,1.0373914492604894
e25b48e9-4356-4c4c-8b05-94132af9dac1,6add03e7-4588-48cc-a1a7-ddb9008c5568,5,0.24967477711163114,0.9795644918025838
e25b48e9-4356-4c4c-8b05-94132af9dac1,a19d2203-a450-4ce8-86d0-95e791780ff3,6,0.24897780889503712,0.9821607998559797
e25b48e9-4356-4c4c-8b05-94132af9dac1,a8889e1c-0c9f-4dab-b3f7-20b94dc90fd5,7,0.24927642035398226,0.9344032239140336
e25b48e9-4356-4c4c-8b05-94132af9dac1,185bb569-5a09-4660-a3e0-c2596d8a8032,8,0.24957497237888973,0.9936513998801619
e25b48e9-4356-4c4c-8b05-94132af9dac1,f4a77e8f-b960-4947-9686-1b2271ef528e,9,0.2503712300102907,0.899370112811646
e25b48e9-4356-4c4c-8b05-94132af9dac1,7031458b-f8e5-4a21-a014-e0deb1edaea7,10,0.2512666188180599,0.899400262474575
e25b48e9-4356-4c4c-8b05-94132af9dac1,543cc054-15a0-4c05-b19b-705f31795c84,11,0.25216245324814907,0.7757147920729351
e25b48e9-4356-4c4c-8b05-94132af9dac1,6cb259d2-157e-4453-a560-c3a0fdda9ceb,12,0.25226196068641216,0.7624660008288193
e25b48e9-4356-4c4c-8b05-94132af9dac1,99d18d67-a54a-47a5-916c-38756eb85f1c,13,0.2533566515455938,0.7644202847657743
e25b48e9-4356-4c4c-8b05-94132af9dac1,12310994-a352-4bfd-8a83-acf6d35047c9,14,0.2532570350689462,0.6606787780602875
e25b48e9-4356-4c4c-8b05-94132af9dac1,886583ad-0124-485e-92e2-ede42f42c005,15,0.2535558249720704,0.5864341094848721
e25b48e9-4356-4c4c-8b05-94132af9dac1,65a468dc-0d8d-4c37-a119-86b4ce05b0e2,16,0.252858787353607,0.6470991871100018
e25b48e9-4356-4c4c-8b05-94132af9dac1,13eaa91c-c076-4bc0-9973-557af1ca2fea,17,0.25186247363165826,0.6295804952205756
e25b48e9-4356-4c4c-8b05-94132af9dac1,09502e83-bda7-4b03-87a2-e036444c064a,18,0.250666539664122,0.6020041278623205
e25b48e9-4356-4c4c-8b05-94132af9dac1,a4c80f7d-b8f9-49db-824e-a75d8767ace9,19,0.24917214337106836,0.6380011813005949
e25b48e9-4356-4c4c-8b05-94132af9dac1,bf093280-77bd-4f95-9769-52245c9494df,20,0.24817573037511734,0.5531067818377479
e25b48e9-4356-4c4c-8b05-94132af9dac1,467e8cea-a7f9-4ee5-be80-bf9d14c2c5a6,21,0.24658146937582565,0.4150940176076324
e25b48e9-4356-4c4c-8b05-94132af9dac1,a9a7400e-1d24-4b06-b0f0-1b5ab418d3d0,22,0.2445878483008448,0.40723576160634617
e25b48e9-4356-4c4c-8b05-94132af9dac1,6df9a33a-ebca-4faa-a231-ae404a1bf586,23,0.24219478703317276,0.4089113090644656
e25b48e9-4356-4c4c-8b05-94132af9dac1,8424ac5e-f11b-4694-8c9e-2eaca51ec8e5,24,0.2391042108231015,0.43819637235852005
e25b48e9-4356-4c4c-8b05-94132af9dac1,17ce65f4-7a29-44e4-bb37-8b0b2c3beb4b,25,0.2360133264639569,0.36298923382375137
e25b48e9-4356-4c4c-8b05-94132af9dac1,b1b005b4-b3e6-4a41-baa8-7ec2ddecef59,26,0.23342006748023317,0.33609408967938514
e25b48e9-4356-4c4c-8b05-94132af9dac1,4d4f059c-6c57-4e6a-86a2-1631c661ef76,27,0.23042844179469704,0.41572292475564193
e25b48e9-4356-4c4c-8b05-94132af9dac1,36fa3b73-ced7-45ae-8a4c-55bf3a16ae39,28,0.22763653650127674,0.2955738687147489
e25b48e9-4356-4c4c-8b05-94132af9dac1,f33345f1-d9d5-4657-b79e-ad6f1d5fdc3a,29,0.2241475233422083,0.22952583170475
e25b48e9-4356-4c4c-8b05-94132af9dac1,ad213799-5a96-49f1-b804-f41852201857,30,0.22175350723621082,0.1117656765488444
e25b48e9-4356-4c4c-8b05-94132af9dac1,564c31f9-0296-4b8e-aa0d-207798ee4eb3,31,0.21896160194279052,-0.04574570347447486
e25b48e9-4356-4c4c-8b05-94132af9dac1,5f56be01-01f7-480e-85d4-5739b57da4b1,32,0.2162690049532444,0.018285489937115318
e25b48e9-4356-4c4c-8b05-94132af9dac1,f3e33186-7efb-4dc0-b0ba-b53879cd8af4,33,0.21327767756565894,-0.15005240443852758
e25b48e9-4356-4c4c-8b05-94132af9dac1,857f2acf-6d90-4244-8786-5640f29c4365,34,0.21048549386089827,-0.03206339894713656
e25b48e9-4356-4c4c-8b05-94132af9dac1,492912b1-655e-44d5-898f-1065962e9e76,35,0.2077923597210366,-0.02018406107387801
e25b48e9-4356-4c4c-8b05-94132af9dac1,d2536725-e83c-45ce-9dd5-f20c57f2bf7d,36,0.20410323843254058,-0.09802331770714569
e25b48e9-4356-4c4c-8b05-94132af9dac1,7cdc2a9d-e47e-40fc-a6eb-714c08bdc72e,37,0.20081195734846777,-0.1359199560945962
e25b48e9-4356-4c4c-8b05-94132af9dac1,9f915abb-9594-4713-a4d3-c78d63ba86b7,38,0.19781913787595992,-0.22114837073743865
e25b48e9-4356-4c4c-8b05-94132af9dac1,37b02242-1d81-41fd-a32d-04811fa8a844,39,0.19492622349369948,-0.2615638396875449
e25b48e9-4356-4c4c-8b05-94132af9dac1,3dc8f49d-60cf-4d0d-b8ac-20fdb2852d59,40,0.19163494240962667,-0.19267165944208675
e25b48e9-4356-4c4c-8b05-94132af9dac1,19657845-23d0-41f3-829b-25ccf779ef51,41,0.18854251638292518,-0.12402020600405361
e25b48e9-4356-4c4c-8b05-94132af9dac1,23947be9-9c80-42f8-b92c-a55c099e3b3b,42,0.18545039881275507,-0.15144200261440255
e25b48e9-4356-4c4c-8b05-94132af9dac1,afac0af8-9f53-4919-b724-2e372500d705,43,0.18215813265749087,-0.12366522429271684
e25b48e9-4356-4c4c-8b05-94132af9dac1,ba634272-97f6-4e97-8721-2896ab0b2289,44,0.1785671063546079,0.0516363401555741
e25b48e9-4356-4c4c-8b05-94132af9dac1,bade0314-5790-4d4a-8526-66d19b524b88,45,0.1747773341913649,-0.020906297195714893
e25b48e9-4356-4c4c-8b05-94132af9dac1,f4d4340f-6999-4588-ae3b-4872817ed8f2,46,0.1722821984091189,-0.04463477618633376
e25b48e9-4356-4c4c-8b05-94132af9dac1,bf9e7495-03f9-48f3-b4cf-4cda4d93a5eb,47,0.16988674861608963,-0.0949751070890342
e25b48e9-4356-4c4c-8b05-94132af9dac1,15eaa2c5-96a7-4200-8e04-00d3632885ab,48,0.1668936305479576,-0.10029987265286128
e25b48e9-4356-4c4c-8b05-94132af9dac1,b9daf87e-26ee-4e05-b737-d79203e324bc,49,0.16409949640797503,-0.12336184110299671
e25b48e9-4356-4c4c-8b05-94132af9dac1,3c47d772-6437-42e6-9fce-1f6c77425dae,50,0.16120542722568673,-0.0784111799996475
e25b48e9-4356-4c4c-8b05-94132af9dac1,fe31dc89-ddf1-4735-a5ac-4728508ce51d,51,0.1578142410513665,-0.13296589079177257
e25b48e9-4356-4c4c-8b05-94132af9dac1,e0c9e253-c580-457a-a382-6363ff6340c2,52,0.15492074938431316,-0.1871412911651039
e25b48e9-4356-4c4c-8b05-94132af9dac1,e13d15cf-37ca-4f06-b829-a67c4131e2c4,53,0.1521263363882651,-0.1498436686257823
e25b48e9-4356-4c4c-8b05-94132af9dac1,4fbd6f61-4c5b-4fec-aa9e-7036e2fd86c6,54,0.14893399528929185,-0.18502247962723137
e25b48e9-4356-4c4c-8b05-94132af9dac1,8faf295f-54bd-4e16-a825-f9ddad486333,55,0.14614069738367902,-0.18734449851957247
e25b48e9-4356-4c4c-8b05-94132af9dac1,cf3e513c-9e48-4832-a548-0229e8ad1ab5,56,0.14334767811163623,-0.17878647154468555
e25b48e9-4356-4c4c-8b05-94132af9dac1,9a487c2b-96b5-4e10-a246-173ae9e5a474,57,0.14055465883959345,-0.1404985049347508
e25b48e9-4356-4c4c-8b05-94132af9dac1,1dd5f901-9e4d-49fe-9535-04b7917ed5c9,58,0.13776163956755066,-0.18724312018009998
e25b48e9-4356-4c4c-8b05-94132af9dac1,c93d197f-e5f4-40bb-83b6-124a6b9171f0,59,0.1356669801811564,-0.16825687829087177
e25b48e9-4356-4c4c-8b05-94132af9dac1,690d3a26-c48f-4964-acf8-123de854f882,60,0.1328753532435606,-0.19254738578075103
e25b48e9-4356-4c4c-8b05-94132af9dac1,60584878-8007-42a1-84e6-8e23dd042f5f,61,0.1303824567040041,-0.16591734753171694
e25b48e9-4356-4c4c-8b05-94132af9dac1,fe93555f-1ca7-4fc8-852a-e6700b470631,62,0.12769039665054494,-0.12687787171412906
e25b48e9-4356-4c4c-8b05-94132af9dac1,fcf9173a-be08-40ec-9815-175138cde762,63,0.1250992052465596,-0.2385048909343201
e25b48e9-4356-4c4c-8b05-94132af9dac1,e9093c96-fc42-4a18-a96e-c7bc08c41d0f,64,0.12260755099489849,-0.2275386659944013
e25b48e9-4356-4c4c-8b05-94132af9dac1,2df8b697-1e8d-49c7-a62b-6706a38141b0,65,0.12001713408358097,-0.17586776612199392
e25b48e9-4356-4c4c-8b05-94132af9dac1,20ea0536-6915-4c80-8de8-4ebe55850200,66,0.11832247186272697,-0.19966284776259283
e25b48e9-4356-4c4c-8b05-94132af9dac1,7b65e869-d08d-4ab1-ad08-12f27ebb39a1,67,0.11593107973065134,-0.14785060572740766
e25b48e9-4356-4c4c-8b05-94132af9dac1,941d9be5-c943-4740-8a9d-c0a112097f71,68,0.11393904719941074,-0.21806417219977686
e25b48e9-4356-4c4c-8b05-94132af9dac1,864da30b-dae1-42fb-9fda-be5b0c5cb931,69,0.111747811262879,-0.15617285764206185
e25b48e9-4356-4c4c-8b05-94132af9dac1,aef479dc-b3c6-48e5-8516-675d9a5d63a4,70,0.10885979451672087,-0.16911182873510766
e25b48e9-4356-4c4c-8b05-94132af9dac1,17c32dd2-5be8-4c4a-92ab-459c64ba22ef,71,0.10686796037546617,-0.051074096267089905
e25b48e9-4356-4c4c-8b05-94132af9dac1,571b1f81-21a3-41f7-8a13-a71ec67fa858,72,0.1050753097609465,-0.05607135842777287
e25b48e9-4356-4c4c-8b05-94132af9dac1,2e23601b-4d01-4ec3-9c16-0fe53816aee9,73,0.10318372673886446,-0.06497388040129551
e25b48e9-4356-4c4c-8b05-94132af9dac1,e1493316-c0be-4da2-b54c-8cdb436ff31f,74,0.1027851615681838,0.032310453353680615
e25b48e9-4356-4c4c-8b05-94132af9dac1,f65cae6c-6cf3-48cd-b16f-2553be31206c,75,0.10228712878733336,0.10967352769105757
e25b48e9-4356-4c4c-8b05-94132af9dac1,05a6716a-5a63-4f90-a870-a27cf32fdbb7,76,0.10198824958211972,0.04778018278513178
e25b48e9-4356-4c4c-8b05-94132af9dac1,a143b384-821d-4362-84f9-0face64b028c,77,0.10308414010275668,0.011298077600028752
e25b48e9-4356-4c4c-8b05-94132af9dac1,ead6a5ce-7712-4e4f-92ea-5ea985e5eb59,78,0.10428007407029294,0.03670698437255619
e25b48e9-4356-4c4c-8b05-94132af9dac1,bba95e82-d66f-4b1f-a2b5-70f5d4bb93b4,79,0.10527658636003202,0.052610532395709717
e25b48e9-4356-4c4c-8b05-94132af9dac1,65402cfc-30eb-409f-90b8-6b8a6032b2b9,80,0.10637258607119757,0.13991659370089188
e25b48e9-4356-4c4c-8b05-94132af9dac1,9cf5e294-14b7-4f3e-b4dd-dba2c93ef388,81,0.10766811667244994,0.24944189294932523
e25b48e9-4356-4c4c-8b05-94132af9dac1,b6937f10-d2a7-496d-9374-78470e7b5168,82,0.10956215103221628,0.2625265392352635
e25b48e9-4356-4c4c-8b05-94132af9dac1,c0ec5fb8-5778-4033-8639-4191310194db,83,0.11205479901510283,0.2063750593470838
e25b48e9-4356-4c4c-8b05-94132af9dac1,960d9f00-1254-4648-9505-c2f0a2aa00b8,84,0.11454794416090434,0.21136667941151552
e25b48e9-4356-4c4c-8b05-94132af9dac1,58cf05ef-e23d-405b-81ec-bfdb82c99a7d,85,0.11753927154848978,0.24102431707853791
e25b48e9-4356-4c4c-8b05-94132af9dac1,a4d3b895-03a1-407a-a999-288523b2e38c,86,0.12003291405556592,0.23992080555236478
e25b48e9-4356-4c4c-8b05-94132af9dac1,168e251a-5f2f-4d2a-b0af-2680289740b7,87,0.12302453974110203,0.21377112422078232
e25b48e9-4356-4c4c-8b05-94132af9dac1,667e8420-29e9-45bc-a6fb-083c3b7249be,88,0.12591601191865895,0.3195363175057836
e25b48e9-4356-4c4c-8b05-94132af9dac1,a7bb6f22-dbb9-4576-baee-080ed3a035d7,89,0.12860860890820508,0.3606893034731476
e25b48e9-4356-4c4c-8b05-94132af9dac1,f5dc0ebf-31fc-4449-9c4b-16fcafbefb7b,90,0.13130147444612242,0.41793743736563005
e25b48e9-4356-4c4c-8b05-94132af9dac1,e70a86e7-d039-4af2-ab26-e92371cd3cc0,91,0.13379461959192393,0.46772265438842286
e25b48e9-4356-4c4c-8b05-94132af9dac1,1cc4a4ae-620b-4717-aaae-a9c9688ca020,92,0.13658680329668457,0.47563548941289524
e25b48e9-4356-4c4c-8b05-94132af9dac1,2e0711d6-206e-462f-854a-03b5ccebf605,93,0.13838267327949644,0.6273521948839175
e25b48e9-4356-4c4c-8b05-94132af9dac1,63c58dcb-0f22-4c15-a1dd-a0fc59d1c2fb,94,0.14017854326230833,0.5591628083011143
e25b48e9-4356-4c4c-8b05-94132af9dac1,ab6c2ede-c2f8-46be-9697-dc32221762d5,95,0.14237349575484176,0.4586195324184175
e25b48e9-4356-4c4c-8b05-94132af9dac1,eb104616-ec3c-41ff-82f6-80f0e3ba477e,96,0.14397046185928325,0.5121838175355472
e25b48e9-4356-4c4c-8b05-94132af9dac1,a853c070-eedc-4f08-a88a-a03a3fc27dce,97,0.14506875960834592,0.47686821747902025
e25b48e9-4356-4c4c-8b05-94132af9dac1,63536ac4-73d8-4957-97cd-14f0eaf01609,98,0.14546832009713004,0.45863890558413933
e25b48e9-4356-4c4c-8b05-94132af9dac1,28ec108c-540f-4e96-ab2a-caa47677e829,99,0.14616737639962815,0.4443378085722003
e25b48e9-4356-4c4c-8b05-94132af9dac1,894820be-7bfa-4ed4-83b9-eb07b1693356,100,0.14696625800792412,0.4128618082334147
e25b48e9-4356-4c4c-8b05-94132af9dac1,e565ae9a-49c1-4941-bc52-d2a4e31ea442,101,0.14786504470646752,0.3738332549321455
e25b48e9-4356-4c4c-8b05-94132af9dac1,1f469844-f917-4857-b588-d86975a2190a,102,0.1485641010089656,0.27269173616510295
e25b48e9-4356-4c4c-8b05-94132af9dac1,6519e41d-f750-4f8c-a732-2b5949b7d4e4,103,0.1493632220184283,0.2466900171158982
e25b48e9-4356-4c4c-8b05-94132af9dac1,5bbf348a-1bcd-4215-be5e-5909ccf4eda9,104,0.14996262263577514,0.24109214942537582
e25b48e9-4356-4c4c-8b05-94132af9dac1,d85cca29-7393-442d-89f5-f45ed8098253,105,0.15066181858894687,0.15792776386336216
e25b48e9-4356-4c4c-8b05-94132af9dac1,aef02300-92be-4159-9b81-904459d5fca3,106,0.15076174364523784,-0.08121403042089702
e25b48e9-4356-4c4c-8b05-94132af9dac1,28c61bbc-d1b3-4468-a019-91787f72d261,107,0.15036194353996252,-0.16611605077905556
e25b48e9-4356-4c4c-8b05-94132af9dac1,208ab215-9382-477d-8917-b3c8a6d8edc4,108,0.14956226336939826,-0.20784295434352154
e25b48e9-4356-4c4c-8b05-94132af9dac1,10d3825c-5862-416b-a92f-7ef92c6ac1dc,109,0.148862508255125,-0.31452092542449483
e25b48e9-4356-4c4c-8b05-94132af9dac1,168d4774-a05c-4f40-9932-0da2c2826d7d,110,0.14836268318349077,-0.4431122878774312
e25b48e9-4356-4c4c-8b05-94132af9dac1,4e06d6cd-a8f4-4686-9847-0aae3328a79c,111,0.147663067943321,-0.3446648127466147
e25b48e9-4356-4c4c-8b05-94132af9dac1,309b313a-1720-42cc-b14c-314e9a03d1a1,112,0.14696338277309004,-0.23795909986691863
e25b48e9-4356-4c4c-8b05-94132af9dac1,d610d9d1-69ed-4e11-b588-126ad1912ce7,113,0.1463635627011225,-0.19824952990902317
e25b48e9-4356-4c4c-8b05-94132af9dac1,1a8fe2c4-51b4-469e-ac5a-4c601e099a2c,114,0.14566387753089158,-0.2158826616834825
e25b48e9-4356-4c4c-8b05-94132af9dac1,5b5f8650-934a-4c16-b827-6f2c7cf0db1b,115,0.14476437219814145,-0.10946772593347842
e25b48e9-4356-4c4c-8b05-94132af9dac1,33a59228-a35a-483e-be17-c5510b6098ac,116,0.14376497175517367,-0.0787429611224907
e25b48e9-4356-4c4c-8b05-94132af9dac1,f881664a-098e-4044-9845-bcd51dc296d1,117,0.1427655713122059,-0.05296365709019805
e25b48e9-4356-4c4c-8b05-94132af9dac1,60b1bb47-7323-42f8-8fd1-0db696a22f8d,118,0.14166617586890484,-0.08684024852967664
e25b48e9-4356-4c4c-8b05-94132af9dac1,f02ef6c2-bfc4-4f11-af3e-6669618bd31e,119,0.1401672997451689,-0.06893006830625245
e25b48e9-4356-4c4c-8b05-94132af9dac1,76096c0c-856c-4642-9630-535e71696808,120,0.1386685733818051,-0.08325749342683134
e25b48e9-4356-4c4c-8b05-94132af9dac1,0bcf02c6-0adf-49bd-b65e-9db2ea3f9824,121,0.13706985201810803,-0.09531707388917428
e25b48e9-4356-4c4c-8b05-94132af9dac1,e9240720-4a17-4408-bacc-6374f15fa6bd,122,0.13547113065441097,-0.08592859016006972
e25b48e9-4356-4c4c-8b05-94132af9dac1,88c9af5e-bd20-4e6d-b759-36150ff1805d,123,0.13347332757259814,-0.00949306458344357
e25b48e9-4356-4c4c-8b05-94132af9dac1,baf3318b-cbf1-476c-91ce-bba5368f494a,124,0.13147552449078534,0.025472019286914064
e25b48e9-4356-4c4c-8b05-94132af9dac1,6cbe1844-320b-445d-ac57-6fcd0eb27a38,125,0.12917839489139715,-0.08957192483951841
e25b48e9-4356-4c4c-8b05-94132af9dac1,3df295ad-7a95-4754-96b9-4f7f9ed8ffb4,126,0.12698103084304702,-0.14481689659376967
e25b48e9-4356-4c4c-8b05-94132af9dac1,d6321c2b-442e-4233-832e-08bcc933494c,127,0.12468390124365886,-0.113637212167069
e25b48e9-4356-4c4c-8b05-94132af9dac1,caa52f36-3793-41b5-9d78-06111d940ffe,128,0.12178838726419378,-0.15096340055748897
e25b48e9-4356-4c4c-8b05-94132af9dac1,19c2dd58-7ace-4a94-8107-7f9c6d9917ee,129,0.11899257915250161,-0.07395998809694271
e25b48e9-4356-4c4c-8b05-94132af9dac1,d713ae36-0f0b-4de5-9c1c-618c80f6846a,130,0.11639621260509238,-0.019866672645263365
e25b48e9-4356-4c4c-8b05-94132af9dac1,f14e8c81-2dcd-4ed3-91ed-5b578d73cfd4,131,0.11340100269812316,-0.05674041942147362
e25b48e9-4356-4c4c-8b05-94132af9dac1,294d9745-4607-439a-a4ab-b2666421e583,132,0.11030610680193716,0.007468483653347076
e25b48e9-4356-4c4c-8b05-94132af9dac1,8ad85999-0f45-467d-8262-31c88aea459d,133,0.10691221254801461,0.004713751093237635
e25b48e9-4356-4c4c-8b05-94132af9dac1,ef0bbaf1-25e9-41b0-a706-b85e6e8b8ff6,134,0.1036179744803323,0.035717853191386234
e25b48e9-4356-4c4c-8b05-94132af9dac1,c07e6dee-c651-4a6b-a2bd-5f77ce267baf,135,0.100024797643048,0.023666073952939987
e25b48e9-4356-4c4c-8b05-94132af9dac1,919c0f35-2e8d-443f-a1ab-add79fdaab4e,136,0.09643126213291778,0.03964930619952016
e25b48e9-4356-4c4c-8b05-94132af9dac1,77262327-ce3a-4846-988d-75dab30501cb,137,0.09214048071576153,0.05746135443961564
e25b48e9-4356-4c4c-8b05-94132af9dac1,891e9630-7059-45f2-b7bf-aeca9fe7c1be,138,0.08814845944622408,0.03894762395264614
e25b48e9-4356-4c4c-8b05-94132af9dac1,2e405a05-a0f6-478a-b5b0-a6c93877ba01,139,0.08415643817668662,0.012166592746949294
e25b48e9-4356-4c4c-8b05-94132af9dac1,abb090e9-ca1c-4b9b-b8ac-8301705b379d,140,0.08006522855855186,-0.0673516626007539
e25b48e9-4356-4c4c-8b05-94132af9dac1,db5d7653-37e0-4562-ab09-7ad55b00aad2,141,0.07597361065529831,-0.16608788445204561
e25b48e9-4356-4c4c-8b05-94132af9dac1,119fd52a-28ed-4345-b502-3ec035d6197a,142,0.07188199275204475,-0.0948031365768461
e25b48e9-4356-4c4c-8b05-94132af9dac1,a60c5b1f-0909-4d8b-8e2c-3a2a2ca42f42,143,0.0676907881335767,-0.11620786586177849
e25b48e9-4356-4c4c-8b05-94132af9dac1,cfa7a01b-e390-439d-96be-99c9bbe64b07,144,0.06369876686403923,-0.12024814745823391
e25b48e9-4356-4c4c-8b05-94132af9dac1,dcd6f778-3f12-4ea4-a670-e1fa4a3ca21b,145,0.059308418562746386,-0.09154925195729703
e25b48e9-4356-4c4c-8b05-94132af9dac1,8052d693-71b8-43be-85cf-b5e01396eba1,146,0.05551562032405012,-0.029674195832798164
e25b48e9-4356-4c4c-8b05-94132af9dac1,f8a22425-44aa-45f0-9461-710becf161d7,147,0.051224838906893874,-0.008753553852599863
e25b48e9-4356-4c4c-8b05-94132af9dac1,f136333f-4d3c-4a84-83ed-32c8f6d0932e,148,0.04683449060560102,-0.05865893758882358
e25b48e9-4356-4c4c-8b05-94132af9dac1,28017b41-df48-4cfa-805a-fe692b88e980,149,0.04284286770268076,-0.15538904071978177
e25b48e9-4356-4c4c-8b05-94132af9dac1,1f13ba28-0f76-4f2a-812d-b7d268db697f,150,0.0388508464331433,-0.09861968827964154
e25b48e9-4356-4c4c-8b05-94132af9dac1,804435a0-c9fc-4c64-9252-aafb8cdc20c2,151,0.03485882516360585,-0.05359578600436595
e25b48e9-4356-4c4c-8b05-94132af9dac1,d25fddb9-1e47-43d8-b7c3-32784e30984a,152,0.03076761554547109,-0.04680750021202591
e25b48e9-4356-4c4c-8b05-94132af9dac1,36e22ecd-9d64-40b7-9afe-8c1ed22266b4,153,0.027672719649285096,-0.058028813765370627
e25b48e9-4356-4c4c-8b05-94132af9dac1,36d7f4a9-b805-4147-9fd0-0849090ebfdf,154,0.024577823753099106,-0.09272946579207891
e25b48e9-4356-4c4c-8b05-94132af9dac1,5885dad5-97d4-4fea-90ef-0ae5a8066968,155,0.021283585685416787,-0.044844164799109965
e25b48e9-4356-4c4c-8b05-94132af9dac1,04b5c98b-a2e3-499c-9531-e81c0d7f7528,156,0.01868721913800755,-0.02913558935036714
e25b48e9-4356-4c4c-8b05-94132af9dac1,4bbd7498-631b-42be-af17-ebc548c3120a,157,0.016589421055861434,0.08317551457917159
e25b48e9-4356-4c4c-8b05-94132af9dac1,53a9e292-1ee8-4f19-a388-0f632412c2e9,158,0.015290265324241305,0.12955532901215938
e25b48e9-4356-4c4c-8b05-94132af9dac1,9635ad88-e27b-42d1-90ba-6305b532c7a6,159,0.013591708688659792,0.1708887214573202
e25b48e9-4356-4c4c-8b05-94132af9dac1,8a4452cc-6703-4743-914e-94d716e632d7,160,0.011793326747280394,0.1423618748461187
e25b48e9-4356-4c4c-8b05-94132af9dac1,8b67d2ce-e795-4986-a27d-fd88e9fb9c2a,161,0.009994944805900997,0.1522948266937305
e25b48e9-4356-4c4c-8b05-94132af9dac1,ed3409f1-ca70-433c-8af7-7dae9dce0fbd,162,0.008296388170319486,0.22706533701147588
e25b48e9-4356-4c4c-8b05-94132af9dac1,fe88fa25-0b59-4b8c-8d1b-de958428db73,163,0.006797512046583536,0.2852509106689969
e25b48e9-4356-4c4c-8b05-94132af9dac1,181c8024-c95c-43bd-9516-b49e3b6e3009,164,0.005498356314963407,0.24133537450486145
e25b48e9-4356-4c4c-8b05-94132af9dac1,161d9bc0-6aed-4359-94ce-f4ce7ea3bb06,165,0.003999480191227459,0.3658307459695497
e25b48e9-4356-4c4c-8b05-94132af9dac1,ccc723b0-4b89-418c-9ac8-c6b25b876f7d,166,0.003199800020663215,0.595098000727628
e25b48e9-4356-4c4c-8b05-94132af9dac1,fd08274a-e783-4fb7-acd1-ea5ab1e75363,167,0.0028998450116652723,0.7005591435434905
e25b48e9-4356-4c4c-8b05-94132af9dac1,38367e91-fc1b-4918-b782-af24699a1763,168,0.0028998450116652723,0.7160572545070594
e25b48e9-4356-4c4c-8b05-94132af9dac1,1512298e-d22a-439c-8954-1ff45a977045,169,0.0028998450116652723,0.7693752536195226
e25b48e9-4356-4c4c-8b05-94132af9dac1,8f5e3c41-b499-4e2c-a005-36ff4371f9f1,170,0.0027998500113319753,0.9280448909322554
e25b48e9-4356-4c4c-8b05-94132af9dac1,67686e19-2757-44c6-9515-64e65c48954c,171,0.0025998700086657302,0.8529997858465675
e25b48e9-4356-4c4c-8b05-94132af9dac1,9606274b-dec1-4e5b-8476-91c3f44171cd,172,0.002499875008332433,0.7694094928683055
e25b48e9-4356-4c4c-8b05-94132af9dac1,15b8eaf3-dbec-447c-ba3e-4655daa99934,173,0.002499875008332433,0.7385012613067146
e25b48e9-4356-4c4c-8b05-94132af9dac1,0f565513-b802-4ad0-95cc-d100f6171eed,174,0.0023998800079991357,0.7571839516805895
e25b48e9-4356-4c4c-8b05-94132af9dac1,b8e1e9dd-1640-4ac3-8466-2f3bc8cc5dbb,175,0.0022998850076658382,0.6704668889362435
e25b48e9-4356-4c4c-8b05-94132af9dac1,c1c8c26d-ba22-4fef-a250-37e0e81b2a31,176,0.002199890007332541,0.6744210948836671
e25b48e9-4356-4c4c-8b05-94132af9dac1,7907a2db-eb0c-439c-a3c6-7c8bcae4c32b,177,0.0020998950069992437,0.6236857598941663
e25b48e9-4356-4c4c-8b05-94132af9dac1,415620bc-5a97-4a6e-a8fa-58983b697741,178,0.0020998950069992437,0.666581588161905
e25b48e9-4356-4c4c-8b05-94132af9dac1,123a2fd2-f771-4b3d-888a-7f5d79025f1d,179,0.0020998950069992437,0.6350404447615055
e25b48e9-4356-4c4c-8b05-94132af9dac1,a6810da7-660d-4fa1-bd16-f1a7870f5e2f,180,0.0019999000066659466,0.6132277043822988
e25b48e9-4356-4c4c-8b05-94132af9dac1,623f0ce0-1ee3-480c-accd-f292563403ac,181,0.0019999000066659466,0.6193695933211563
e25b48e9-4356-4c4c-8b05-94132af9dac1,1fcca542-dab0-44f7-8acb-4e9c883621a8,182,0.0019999000066659466,0.6446938912300753
e25b48e9-4356-4c4c-8b05-94132af9dac1,1e4dda4a-ce3f-4e11-801b-0fc1ef982b8d,183,0.0018999050063326492,0.5700123893047427
e25b48e9-4356-4c4c-8b05-94132af9dac1,0b472c79-a884-4fce-aa9a-ae03a2fe7e8f,184,0.0017999100059993519,0.5638461446273985
e25b48e9-4356-4c4c-8b05-94132af9dac1,d1e8b432-5ac6-46ac-a720-d8c1092ca0fe,185,0.0016999150056660546,0.6598142408798744
e25b48e9-4356-4c4c-8b05-94132af9dac1,be49b407-c4e5-4aa4-828e-9142b04d45c3,186,0.0015999200053327571,0.6939663289273355
e25b48e9-4356-4c4c-8b05-94132af9dac1,d9ffe306-cf8c-4292-af2b-76573bb7b906,187,0.0014999250049994599,0.6470000432959708
e25b48e9-4356-4c4c-8b05-94132af9dac1,4cd0fe24-1708-40c6-876d-5c874079c6ff,188,0.0013999300046661626,0.6309867485332907
e25b48e9-4356-4c4c-8b05-94132af9dac1,90c72629-bf18-4e00-afe0-299ef4b01052,189,0.0012999350043328651,0.5202594648343853
e25b48e9-4356-4c4c-8b05-94132af9dac1,4b1c5a8b-f138-4619-ade7-ec27897037e9,190,0.0011999400039995679,0.5637856780895187
e25b48e9-4356-4c4c-8b05-94132af9dac1,26742b35-b7be-4fe1-9ed7-c9fbb0cbc3a1,191,0.0010999450036662706,0.5665831766798158
e25b48e9-4356-4c4c-8b05-94132af9dac1,60119647-32a3-498b-85d4-4e6b870f1ba9,192,0.0010999450036662706,0.48564125698875243
e25b48e9-4356-4c4c-8b05-94132af9dac1,9a08ce1f-03fc-4389-9417-79161903a500,193,0.0010999450036662706,0.4111805929148356
e25b48e9-4356-4c4c-8b05-94132af9dac1,928a7471-ecf6-4a47-888a-70af67125f34,194,0.001199930005999218,0.3755870496778083
e25b48e9-4356-4c4c-8b05-94132af9dac1,535a3982-cfa5-4e54-957b-277540c05cee,195,0.0012999150083321653,0.4405394810964628
e25b48e9-4356-4c4c-8b05-94132af9dac1,e541555d-5d81-4d85-9ea0-5619ecd39c87,196,0.0013999100086654627,0.41513827668609155
e25b48e9-4356-4c4c-8b05-94132af9dac1,61f3d126-78b4-4379-886e-509038cb2bbd,197,0.00149990500899876,0.4439439417942514
e25b48e9-4356-4c4c-8b05-94132af9dac1,d12b0642-5044-4f94-8573-538d3ef2743e,198,0.0016998850116650046,0.4632762658952257
e25b48e9-4356-4c4c-8b05-94132af9dac1,f7b1eb6f-ff11-48f0-a7a8-96f61e314249,199,0.0018998650143312494,0.5199748121982207
e25b48e9-4356-4c4c-8b05-94132af9dac1,bd6dde9a-c850-472d-85cc-7839f875cdf3,200,0.001999850016664197,0.5772224564331403
e25b48e9-4356-4c4c-8b05-94132af9dac1,0ff26618-d044-4ac9-9ea2-d272e1ff89fd,201,0.0021998300193304416,0.6504548079885537
e25b48e9-4356-4c4c-8b05-94132af9dac1,de104872-3b1e-46c9-bff2-cc8f868dd134,202,0.002399810021996686,0.5285310864232028
e25b48e9-4356-4c4c-8b05-94132af9dac1,391fe8a5-d1db-4d15-9aac-2bfb214b6f18,203,0.0024998050223299837,0.5672059669462394
e25b48e9-4356-4c4c-8b05-94132af9dac1,c080f5ab-fd0c-47e1-9d5e-e16718ac52b8,204,0.002799760031327926,0.5767465118162394
e25b48e9-4356-4c4c-8b05-94132af9dac1,d11592d8-ce28-448c-b568-02506015654f,205,0.0031996800526548175,0.5518124901508865
e25b48e9-4356-4c4c-8b05-94132af9dac1,10022b84-3da2-408c-b941-6f5259fecab8,206,0.0035996000739817085,0.5485484375693145
e25b48e9-4356-4c4c-8b05-94132af9dac1,5d9c7f1e-a0e9-4b4a-b167-85032b1ac6c4,207,0.0038995550829796512,0.5173081912320809
e25b48e9-4356-4c4c-8b05-94132af9dac1,ede42dd4-5225-4b9c-95d6-b8158b4740d3,208,0.004399430124630644,0.5338833605974194
e25b48e9-4356-4c4c-8b05-94132af9dac1,a84bdd5b-f586-475f-a5ec-083e070e2fa6,209,0.004899255196264896,0.6100924721141134
e25b48e9-4356-4c4c-8b05-94132af9dac1,8470b0a3-8401-45de-90f1-52771fbebaab,210,0.005499075268232446,0.5761021849007116
e25b48e9-4356-4c4c-8b05-94132af9dac1,b9b5218f-dc3c-4168-8ebd-6716f1615485,211,0.00619883038250571,0.5827470677057741
e25b48e9-4356-4c4c-8b05-94132af9dac1,d95c58b6-bba7-42ee-860d-1e762481dc43,212,0.006998430625008407,0.5637226713451325
e25b48e9-4356-4c4c-8b05-94132af9dac1,2fcb9b4e-04ef-42cf-b8dc-77a94708bf0c,213,0.007798030867511104,0.5588947629158693
e25b48e9-4356-4c4c-8b05-94132af9dac1,9b3aecfc-889b-417a-860a-14c83c74d715,214,0.0085976311100138,0.6008276151834729
e25b48e9-4356-4c4c-8b05-94132af9dac1,16dd5bd1-4555-45f0-87c2-d159615272b1,215,0.009297316280244746,0.6256805632856692
e25b48e9-4356-4c4c-8b05-94132af9dac1,a8dc959d-cae4-41ae-ac8a-0bffbc471003,216,0.010096916522747443,0.6284214049043046
e25b48e9-4356-4c4c-8b05-94132af9dac1,7a29d055-0c8d-4302-970c-85528c7b5937,217,0.01129619709822963,0.6338813832363702
e25b48e9-4356-4c4c-8b05-94132af9dac1,875d6a58-0671-4860-8ee7-73cf5dc1aac4,218,0.012395592541530696,0.5831553880694016
e25b48e9-4356-4c4c-8b05-94132af9dac1,7a36c3cd-0c60-4438-a5dd-bc00c074d977,219,0.01349498798483176,0.5205468146919765
e25b48e9-4356-4c4c-8b05-94132af9dac1,29138c1f-da5e-4e34-ae3e-c009cdede67d,220,0.014894008898539169,0.5053377309668629
e25b48e9-4356-4c4c-8b05-94132af9dac1,d43d74e7-d7d3-49ff-a6d7-a0729f0b5888,221,0.016293029812246576,0.5061652006559788
e25b48e9-4356-4c4c-8b05-94132af9dac1,ef9c03dc-d77a-4e6d-8873-6d228ff17889,222,0.017692050725953985,0.5261081384594013
e25b48e9-4356-4c4c-8b05-94132af9dac1,e3a72f07-907e-4f22-93b8-c444b42e3837,223,0.01929077208965106,0.5132188656873834
e25b48e9-4356-4c4c-8b05-94132af9dac1,cbbb5dee-ecd2-4d1f-b26f-64146c212ad6,224,0.020889493453348132,0.574831223070332
e25b48e9-4356-4c4c-8b05-94132af9dac1,857bf76e-71d6-4483-ad51-dadfc6f42643,225,0.02238836957708408,0.549800946935088
e25b48e9-4356-4c4c-8b05-94132af9dac1,b7c45029-a3dd-4dfd-86fe-9591f1bcedd3,226,0.02428656686016435,0.43424177583587015
e25b48e9-4356-4c4c-8b05-94132af9dac1,b21b6fcf-62b8-498d-880f-373cdfb0e4e3,227,0.026084948801543745,0.4242803462283446
e25b48e9-4356-4c4c-8b05-94132af9dac1,6f94deb4-6f19-46c4-8ab0-34e5e23cd74f,228,0.028082951464216802,0.3047253326899273
e25b48e9-4356-4c4c-8b05-94132af9dac1,e75af3a5-3983-4657-857e-1c9b678a8fbb,229,0.030180749546362923,0.41669861760025984
e25b48e9-4356-4c4c-8b05-94132af9dac1,7c054d7f-a7a9-4a59-9977-e8703ce89efc,230,0.03197913148774231,0.4037809322855003
e25b48e9-4356-4c4c-8b05-94132af9dac1,43c0eae3-839b-4f27-afe2-591ca58f727a,231,0.033877328770822585,0.4146381072907986
e25b48e9-4356-4c4c-8b05-94132af9dac1,95c24670-e397-430f-947d-55b0552ed526,232,0.0359751268529687,0.4470161723311458
e25b48e9-4356-4c4c-8b05-94132af9dac1,f7864ca8-9739-4b99-8885-ee3b3902876b,233,0.03807292493511482,0.35816306899210926
e25b48e9-4356-4c4c-8b05-94132af9dac1,bf728969-a843-4c68-889f-ba903e8ae282,234,0.03987130687649422,0.4059425459639561
e25b48e9-4356-4c4c-8b05-94132af9dac1,150f3413-4484-4dfb-b8b1-270167266e9b,235,0.041769504159574485,0.4341799799850197
e25b48e9-4356-4c4c-8b05-94132af9dac1,e11b9778-afde-4512-a3d2-2c6dd4c7f1d9,236,0.04336822552327156,0.37895895905975996
e25b48e9-4356-4c4c-8b05-94132af9dac1,d703405e-cef7-404b-8064-87c3584e1624,237,0.045166607464650954,0.41162963614574655
e25b48e9-4356-4c4c-8b05-94132af9dac1,9064b96c-707e-4779-be7d-79ca0578ce7c,238,0.04676532882834803,0.4089197545823711
e25b48e9-4356-4c4c-8b05-94132af9dac1,02e4350e-1062-44e0-a73e-12ecc7275aaf,239,0.04796460940383022,0.4181621091144436
e25b48e9-4356-4c4c-8b05-94132af9dac1,058a48be-0142-4f3e-8a43-42fe54795208,240,0.04936363031753763,0.45054883991390315
e25b48e9-4356-4c4c-8b05-94132af9dac1,14a00b1f-e7c9-475a-8e1c-a5f7649d0f2a,241,0.050662786049157756,0.4804524929299108
e25b48e9-4356-4c4c-8b05-94132af9dac1,9bf3bb57-f282-485c-af33-f2ee83217597,242,0.05186206662463994,0.3391541440910546
e25b48e9-4356-4c4c-8b05-94132af9dac1,f924f818-1c9f-4752-9a2a-a95f22e8b87c,243,0.05316122235626007,0.22303583064108315
e25b48e9-4356-4c4c-8b05-94132af9dac1,94647767-a0c1-4f47-b122-9169001d1b33,244,0.05316122235626007,0.3339717343322876
e25b48e9-4356-4c4c-8b05-94132af9dac1,dc42955e-273a-49ca-8181-3ea260596eea,245,0.053261217356593366,0.367822088463751
e25b48e9-4356-4c4c-8b05-94132af9dac1,5d715125-b509-4604-b290-1b0e7b1d1ded,246,0.05336121235692666,0.407278967398337
e25b48e9-4356-4c4c-8b05-94132af9dac1,d492892d-5e14-48f3-bc20-7841500dd9fe,247,0.05346120735725996,0.4413658102165649
e25b48e9-4356-4c4c-8b05-94132af9dac1,ad0afd63-b9ad-4b56-936d-c2847967e824,248,0.053561202357593256,0.5737101293791327
e25b48e9-4356-4c4c-8b05-94132af9dac1,231d1d0c-ace1-406f-b124-78590c8e91b1,249,0.05366119735792656,0.5604908826228612
e25b48e9-4356-4c4c-8b05-94132af9dac1,2d4f912e-4155-47be-bf85-7bba6d0bffdc,250,0.05376119235825985,0.45271569971795667
e25b48e9-4356-4c4c-8b05-94132af9dac1,a289ae01-3fb0-4421-9aac-de6e9748b6cf,251,0.05386118735859315,0.5543575842508569
e25b48e9-4356-4c4c-8b05-94132af9dac1,7ea43958-8975-4867-b2f4-c3ca713766e3,252,0.05386118735859315,0.6084916594860638
e25b48e9-4356-4c4c-8b05-94132af9dac1,5dca34a5-5729-4d34-b5a7-89952c9353a5,253,0.05386118735859315,0.649359456816129
e25b48e9-4356-4c4c-8b05-94132af9dac1,7d5ac5e4-5ee1-467e-b2e7-f613cee21bf9,254,0.05366120735592691,0.6792524373011483
e25b48e9-4356-4c4c-8b05-94132af9dac1,f8817cd2-463a-457e-8d77-a24843e7cfd7,255,0.053461227353260664,0.6569107141592788
e25b48e9-4356-4c4c-8b05-94132af9dac1,ed2ff5e2-83fe-4108-9033-d512773c32aa,256,0.05336123235292736,0.7053123750473033
e25b48e9-4356-4c4c-8b05-94132af9dac1,a1b149a4-3a2b-402a-b1a3-d8945c39259e,257,0.05326123735259407,0.6955716783997602
e25b48e9-4356-4c4c-8b05-94132af9dac1,d55004fb-daf2-4cf1-bcdf-4ea785632432,258,0.05306125734992782,0.7166369517782013
e25b48e9-4356-4c4c-8b05-94132af9dac1,405195ac-b28b-43d1-aa9d-a5bcbbc58ad3,259,0.05286127734726158,0.7041394490050066
e25b48e9-4356-4c4c-8b05-94132af9dac1,461f078e-cf2e-40a7-95e5-bb43de4239cc,260,0.052661297344595334,0.7339369312215619
e25b48e9-4356-4c4c-8b05-94132af9dac1,64b26e2e-c888-4001-ad0e-9a2d2efeca39,261,0.05246131734192909,0.6864340776763677
e25b48e9-4356-4c4c-8b05-94132af9dac1,267b4354-5ccb-4fd8-8d00-2e5fa43e8538,262,0.052261337339262845,0.7729095704748815
e25b48e9-4356-4c4c-8b05-94132af9dac1,77eb8b8b-71d8-45ad-903f-10afeb086dda,263,0.052161342338929544,0.7309376080762571
e25b48e9-4356-4c4c-8b05-94132af9dac1,31cb2927-03d9-4fb1-91d0-6e359f079675,264,0.051961382330264906,0.7555889945482023
e25b48e9-4356-4c4c-8b05-94132af9dac1,0d71b905-f921-4814-a5c7-5bdf250691bd,265,0.051561462308938016,0.6838449760197425
e25b48e9-4356-4c4c-8b05-94132af9dac1,efd3d060-6d0d-4153-9010-996144320d63,266,0.05116154228761112,0.615458844083039
e25b48e9-4356-4c4c-8b05-94132af9dac1,6fa80453-ca3c-4d84-9b04-91b33d180f52,267,0.050961582278946475,0.6509959276228108
e25b48e9-4356-4c4c-8b05-94132af9dac1,bbfa4f0b-3a70-46aa-86eb-751132e3958d,268,0.050561702237628785,0.5498778611163234
e25b48e9-4356-4c4c-8b05-94132af9dac1,2a088f9d-51ec-491d-9473-359e2b00dfb2,269,0.05026183717465917,0.5384213489720454
e25b48e9-4356-4c4c-8b05-94132af9dac1,d396940f-d227-46ed-b585-579acac8a164,270,0.05026183717465917,0.44596731733924105
e25b48e9-4356-4c4c-8b05-94132af9dac1,864dfa29-6217-4efb-8d3c-2efc7644ae9a,271,0.05036176223095015,0.5140041547678744
e25b48e9-4356-4c4c-8b05-94132af9dac1,169a2a62-3755-48a0-a5db-6cfc4f5e5123,272,0.05136036427119443,0.47009140706642677
e25b48e9-4356-4c4c-8b05-94132af9dac1,bb81be12-a89f-4718-a988-14c7b4c40281,273,0.052358966311438694,0.3529228182862194
e25b48e9-4356-4c4c-8b05-94132af9dac1,8a936b50-c4d1-48b5-ae80-632993cccaef,274,0.05375673011728616,0.4078115716266229
e25b48e9-4356-4c4c-8b05-94132af9dac1,d30e43c3-8829-416d-a905-855231eb675e,275,0.05585285305874738,0.43247374585824483
e25b48e9-4356-4c4c-8b05-94132af9dac1,1ac54de2-1972-4ed7-af0e-f752955763d2,276,0.0582478247653415,0.36190844388100857
e25b48e9-4356-4c4c-8b05-94132af9dac1,fcd2856b-8168-4bf2-8982-846a9f922898,277,0.060542433444115154,0.367172081117118
e25b48e9-4356-4c4c-8b05-94132af9dac1,953096a4-1ffd-446f-958f-12a813d23ef8,278,0.0628372710688297,0.3804388300807336
e25b48e9-4356-4c4c-8b05-94132af9dac1,98ee0dea-da42-42f1-969d-5544de5f61ad,279,0.06533141113565887,0.442143509700696
e25b48e9-4356-4c4c-8b05-94132af9dac1,52d53453-6393-4ab7-8c62-880fa1745b85,280,0.06742627947620729,0.453964040411912
e25b48e9-4356-4c4c-8b05-94132af9dac1,4572a041-cff1-4985-9ee9-cc5eea8504b7,281,0.0696207940726301,0.43506510877799026
e25b48e9-4356-4c4c-8b05-94132af9dac1,16e17beb-a70a-4e74-a94a-c83d33752009,282,0.07221379442846014,0.49295416103716594
e25b48e9-4356-4c4c-8b05-94132af9dac1,c5ed5d9f-1423-4be2-b5ee-36844c96c9d4,283,0.07510497833761508,0.4882297984140178
e25b48e9-4356-4c4c-8b05-94132af9dac1,65de45e8-b7d2-492c-8cb8-83e3e40b4b27,284,0.07799616224677,0.44054088222337695
e25b48e9-4356-4c4c-8b05-94132af9dac1,96d693d8-521f-4f31-a6eb-80e780c917e3,285,0.0807880675401903,0.3863102934963705
e25b48e9-4356-4c4c-8b05-94132af9dac1,9b280869-d671-4372-b3ab-eb5d0b0c609e,286,0.0835788597432415,0.4360140975411181
e25b48e9-4356-4c4c-8b05-94132af9dac1,94590bd5-b98e-4aff-8134-0f66e5caae0e,287,0.08617082610315496,0.5037368973079244
e25b48e9-4356-4c4c-8b05-94132af9dac1,55f026cb-fd90-4d42-b00e-ed1957ffba00,288,0.08846360485763816,0.6432810471946078
e25b48e9-4356-4c4c-8b05-94132af9dac1,c36c45a9-d17d-40e6-aabd-3d002cbe5673,289,0.09105479626162351,0.5833102492865175
e25b48e9-4356-4c4c-8b05-94132af9dac1,60fef298-48aa-4b7e-a804-d3be88339a74,290,0.09344761893871215,0.6044424584756386
e25b48e9-4356-4c4c-8b05-94132af9dac1,1574b973-bb7e-4f98-a4db-9ff3b03b3ed8,291,0.09584020307278814,0.6172248328978313
e25b48e9-4356-4c4c-8b05-94132af9dac1,abc1f68e-ff6b-4d6d-8369-ab4492152240,292,0.09843139447677349,0.5361592121161202
e25b48e9-4356-4c4c-8b05-94132af9dac1,0a588fd1-eb53-4ddb-a69c-9065a4039a73,293,0.10072394469592022,0.6511040176124424
e25b48e9-4356-4c4c-8b05-94132af9dac1,9c087a41-238d-4a8f-b1ef-dc7ccac7879e,294,0.10301718065779439,0.6185284047693688
e25b48e9-4356-4c4c-8b05-94132af9dac1,c0c3454e-1d8c-400c-a53c-4847018cc822,295,0.10560888864756611,0.616743227192766
e25b48e9-4356-4c4c-8b05-94132af9dac1,60730c4b-989a-4938-8ae7-f3bc77c6b1de,296,0.10879868401566614,0.6575790722018824
e25b48e9-4356-4c4c-8b05-94132af9dac1,9b038432-1c04-42cd-8f2a-166683753df4,297,0.11099232334382418,0.660539742438902
e25b48e9-4356-4c4c-8b05-94132af9dac1,b42017d9-0e98-4b15-8fe7-0d053f114ef9,298,0.11328601669547098,0.6303673745329346
e25b48e9-4356-4c4c-8b05-94132af9dac1,c4efcee3-ddd5-486f-97f3-460024014f32,299,0.11607875738952624,0.6526065794955191
e25b48e9-4356-4c4c-8b05-94132af9dac1,bbcfe567-9db3-4e86-8961-e340b1189471,300,0.11837290831343644,0.5991100955096369
